Hardware,Num of Hardware,Framework,Model,Input Output Length,Batch Size,Latency,Throughput,area,avg_power,sum_power,Throughput_per_watt_area,Throughput_per_watt_avg,Throughput_per_watt_sum
Nvidia A100 GPU,1,TensorRT-LLM,meta-llama/Llama-2-7b-hf,1024,1,12.791291356086733,160.10893216230744,5540372.068665385,432835.6589147287,55835800.0,2.8898588430158613e-05,0.0003699069817023784,2.86749598218898e-06
Nvidia A100 GPU,1,TensorRT-LLM,meta-llama/Llama-2-7b-hf,128,16,1.8080974817276,2265.3645842625456,764229.1266431808,423943.2631578947,8054922.0,0.0029642479006433448,0.0053435560395232095,0.0002812397915538531
Nvidia A100 GPU,1,TensorRT-LLM,meta-llama/Llama-2-7b-hf,256,16,3.929166734218597,2084.9204307511177,1671540.5232293606,428368.45,17134738.0,0.0012473047477922466,0.0048671194873271305,0.00012167798718317827
Nvidia A100 GPU,1,TensorRT-LLM,meta-llama/Llama-2-7b-hf,512,16,9.068403959274292,1806.7126336210488,3948100.3052629232,438605.6263736264,39913112.0,0.0004576156870210852,0.004119219009019277,4.52661429562558e-05
Nvidia A100 GPU,1,TensorRT-LLM,meta-llama/Llama-2-7b-hf,1024,16,22.855718314647675,1433.6893528741027,10551279.916690588,460710.9260869565,105963513.0,0.00013587824076264103,0.0031119065593931718,1.3530028519100746e-05
Nvidia A100 GPU,1,TensorRT-LLM,meta-llama/Llama-2-7b-hf,1024,16,22.855718314647675,1433.6893528741027,10613351.934789062,463457.55217391305,106595237.0,0.00013508355905683976,0.0030934642151135105,1.3449844413537002e-05
Nvidia A100 GPU,1,TensorRT-LLM,meta-llama/Llama-2-7b-hf,2048,16,87.21258574724197,751.4511746038045,43218709.03700245,495045.5080091533,432669774.0,1.7387173086554632e-05,0.0015179436283056028,1.7367776067569825e-06
Nvidia A100 GPU,1,TensorRT-LLM,meta-llama/Llama-2-7b-hf,1024,32,44.93795162439346,1458.3664281757203,21691119.0122478,481978.889135255,217372479.0,6.723334224261366e-05,0.00302578901493436,6.709066551960887e-06
Nvidia A100 GPU,1,TensorRT-LLM,meta-llama/Llama-2-7b-hf,1024,64,90.71978312730788,1444.8006320304523,39485273.72709775,506844.5512820513,395338750.0,3.659087289140209e-05,0.0028505793904183506,3.654588962074809e-06
Nvidia A100 GPU,1,TensorRT-LLM,mistralai/Mistral-7B-v0.1,1024,1,13.996009051799774,146.3274275131055,5759659.023695707,414353.4357142857,58009481.0,2.5405571217167982e-05,0.0003531464081161969,2.522474343687121e-06
Nvidia A100 GPU,1,TensorRT-LLM,mistralai/Mistral-7B-v0.1,128,16,1.9248948097229004,2127.908485861439,790572.0427827835,415773.25,8315465.0,0.0026916060405719412,0.00511795428364244,0.000255897714182122
Nvidia A100 GPU,1,TensorRT-LLM,mistralai/Mistral-7B-v0.1,256,16,3.992574036121368,2051.8091651866303,1654888.2278671265,424125.1,16965004.0,0.0012398475804200192,0.004837745196373972,0.00012094362990934929
Nvidia A100 GPU,1,TensorRT-LLM,mistralai/Mistral-7B-v0.1,512,16,8.535608291625977,1919.488270809456,3684267.988326192,433589.4534883721,37288693.0,0.0005209958333355395,0.004426971771030248,5.147641594221219e-05
Nvidia A100 GPU,1,TensorRT-LLM,mistralai/Mistral-7B-v0.1,1024,16,19.286153495311737,1699.0427877682068,8892698.698168159,455510.0663265306,89279973.0,0.00019106042444890203,0.0037299785742830427,1.9030502930015524e-05
Nvidia A100 GPU,1,TensorRT-LLM,mistralai/Mistral-7B-v0.1,1024,16,19.286153495311737,1699.0427877682068,8906207.926861167,461281.1391752577,89488541.0,0.00019077061772203695,0.003683312937541714,1.8986149162586157e-05
Nvidia A100 GPU,1,TensorRT-LLM,mistralai/Mistral-7B-v0.1,2048,16,47.42074120044708,1382.0112959217545,23635462.45080924,498636.0547368421,236852126.0,5.8471938037939116e-05,0.0027715831673085062,5.8349119311758025e-06
Nvidia A100 GPU,1,TensorRT-LLM,mistralai/Mistral-7B-v0.1,1024,32,23.233641982078552,2820.7372761683982,11732794.935792685,503497.7350427351,117818470.0,0.00024041477683747016,0.005602283942605986,2.3941384370111054e-05
Nvidia A100 GPU,1,TensorRT-LLM,mistralai/Mistral-7B-v0.1,1024,64,32.42965000867844,4041.733412630851,17973848.216866016,552927.009202454,180254205.0,0.00022486744985629917,0.007309705160651633,2.2422408468256543e-05
Nvidia A100 GPU,1,TensorRT-LLM,meta-llama/Meta-Llama-3-8B,1024,1,14.86092209815979,137.81109856255833,6171144.637046933,419792.3243243243,62129264.0,2.2331529508357923e-05,0.0003282839884801892,2.2181350572985757e-06
Nvidia A100 GPU,1,TensorRT-LLM,meta-llama/Meta-Llama-3-8B,128,16,2.0410414934158325,2006.8185841460008,842297.6790395975,420934.90476190473,8839633.0,0.002382552670018289,0.004767527143611733,0.0002270251020767492
Nvidia A100 GPU,1,TensorRT-LLM,meta-llama/Meta-Llama-3-8B,256,16,4.234828114509583,1934.4350652467224,1743941.1337002516,425218.0238095238,17859157.0,0.0011092318587281015,0.004549278151279052,0.00010831614645902505
Nvidia A100 GPU,1,TensorRT-LLM,meta-llama/Meta-Llama-3-8B,512,16,9.010318458080292,1818.3597035138223,3872875.359298945,435070.2111111111,39156319.0,0.0004695115475761078,0.004179462663899638,4.643847404332931e-05
Nvidia A100 GPU,1,TensorRT-LLM,meta-llama/Meta-Llama-3-8B,1024,16,20.199362337589264,1622.2294274617566,9085744.208507538,451964.8118811881,91296892.0,0.00017854667600511625,0.0035892825831056203,1.7768725658938714e-05
Nvidia A100 GPU,1,TensorRT-LLM,meta-llama/Meta-Llama-3-8B,1024,16,20.199362337589264,1622.2294274617566,9351750.108519671,465168.12376237626,93963961.0,0.00017346800423846507,0.0034874045416973727,1.7264378919293924e-05
Nvidia A100 GPU,1,TensorRT-LLM,meta-llama/Meta-Llama-3-8B,2048,16,49.25287228822708,1330.6026015393436,24870378.160102844,506538.8658536585,249217122.0,5.3501502589691275e-05,0.0026268519381961127,5.3391299556831556e-06
Nvidia A100 GPU,1,TensorRT-LLM,meta-llama/Meta-Llama-3-8B,1024,32,24.299935698509216,2696.96186908102,12235081.05498135,505486.0699588477,122833115.0,0.00022042860664032852,0.0053353831675333465,2.195630933141295e-05
Nvidia A100 GPU,1,TensorRT-LLM,meta-llama/Meta-Llama-3-8B,1024,64,33.70355051755905,3888.9671262294287,18572567.46241474,552642.0741839763,186240379.0,0.00020939308117197698,0.007037044966168789,2.0881439068750117e-05
Nvidia A100 GPU,1,vLLM,meta-llama/Llama-2-7b-hf,128,16,1.1352025307355993,3608.166727170556,802466.9583867788,421867.9,8437358.0,0.004496343044982378,0.008552835442494099,0.0004276417721247049
Nvidia A100 GPU,1,vLLM,meta-llama/Llama-2-7b-hf,256,16,2.4285815218376228,3373.162451553778,1837700.622315884,437297.1395348837,18803777.0,0.0018355342598202385,0.007713662282679296,0.00017938749494603013
Nvidia A100 GPU,1,vLLM,meta-llama/Llama-2-7b-hf,512,16,5.446441129199229,3008.2029000851207,4518898.569140792,461140.6565656566,45652925.0,0.0006656938309321447,0.006523395535081858,6.589288419274605e-05
Nvidia A100 GPU,1,vLLM,meta-llama/Llama-2-7b-hf,1024,1,7.838529322932785,261.2735011411224,5982206.758257508,433679.4964028777,60281450.0,4.367510380353786e-05,0.0006024575828653095,4.3342272148583415e-06
Nvidia A100 GPU,1,vLLM,meta-llama/Llama-2-7b-hf,1024,16,13.168710388265511,2488.3226249093605,12298312.62889111,497775.1572580645,123448239.0,0.00020233040905658962,0.004998888732446976,2.015680940502813e-05
Nvidia A100 GPU,1,vLLM,meta-llama/Llama-2-7b-hf,1024,16,13.168710388265511,2488.3226249093605,12513274.013476968,504600.0240963855,125645406.0,0.00019885464205685922,0.004931277261362272,1.9804326350852496e-05
Nvidia A100 GPU,1,vLLM,meta-llama/Llama-2-7b-hf,1024,32,18.98840657070201,3451.3691159909204,23669362.986095667,518897.5054704595,237136160.0,0.0001458158852022504,0.006651350371903849,1.455437718140886e-05
Nvidia A100 GPU,1,vLLM,meta-llama/Llama-2-7b-hf,1024,64,32.64119966746366,4015.5386853213895,46197232.17718256,528477.2891428572,462417628.0,8.692162919891808e-05,0.007598318353158058,8.68379240360921e-06
Nvidia A100 GPU,1,vLLM,meta-llama/Llama-2-7b-hf,2048,16,35.29766169023157,1856.6668969501943,44601767.31530595,517348.96060254925,446472153.0,4.162765308882824e-05,0.003588809562481308,4.158527882365363e-06
Nvidia A100 GPU,1,vLLM,meta-llama/Meta-Llama-3-8B,128,16,1.1650919041333434,3515.602490643706,881741.4048908949,419243.3181818182,9223353.0,0.003987112855473448,0.008385589795182027,0.00038116317250827395
Nvidia A100 GPU,1,vLLM,meta-llama/Meta-Llama-3-8B,256,16,2.3995376597333538,3413.9910106309094,1798005.660721898,418237.2045454545,18402437.0,0.0018987654406272527,0.008162810418411433,0.0001855184186002598
Nvidia A100 GPU,1,vLLM,meta-llama/Meta-Llama-3-8B,512,16,5.043239996999993,3248.705199384947,3886499.557573557,431793.2637362637,39293187.0,0.0008358949103838823,0.0075237514621562815,8.267858749622286e-05
Nvidia A100 GPU,1,vLLM,meta-llama/Meta-Llama-3-8B,1024,1,8.097759872433327,252.90945054716576,6528326.275646925,441083.711409396,65721473.0,3.8740320239601335e-05,0.0005733819771740005,3.848201189087253e-06
Nvidia A100 GPU,1,vLLM,meta-llama/Meta-Llama-3-8B,1024,16,11.024687729899984,2972.23838015204,8825496.208872914,450240.1370558376,88697307.0,0.000336778613894121,0.006601451393444807,3.3509905550481254e-05
Nvidia A100 GPU,1,vLLM,meta-llama/Meta-Llama-3-8B,1024,16,11.024687729899984,2972.23838015204,8977304.815128446,457708.2182741117,90168519.0,0.00033108359818007516,0.006493740469331119,3.296314959051329e-05
Nvidia A100 GPU,1,vLLM,meta-llama/Meta-Llama-3-8B,1024,32,13.05667387020006,5019.348775309177,12218878.750328422,469933.2988505747,122652591.0,0.0004107863641067938,0.010680981295826805,4.092329998401075e-05
Nvidia A100 GPU,1,vLLM,meta-llama/Meta-Llama-3-8B,1024,64,18.80866741549989,6968.70209380096,17838780.7415756,501144.3137254902,178908520.0,0.00039064901322316797,0.01390557949664411,3.895120307183224e-05
Nvidia A100 GPU,1,vLLM,meta-llama/Meta-Llama-3-8B,2048,16,25.529886069100016,2567.030648809718,22021817.10715151,482808.7177242888,220643584.0,0.0001165676127596248,0.0053168688852789905,1.1634286401048118e-05
Nvidia A100 GPU,1,vLLM,mistralai/Mistral-7B-v0.1,128,16,1.1241627269327483,3643.600612142549,848317.1533607244,423822.5238095238,8900273.0,0.004295092463600349,0.008596996165734864,0.00040938076979689825
Nvidia A100 GPU,1,vLLM,mistralai/Mistral-7B-v0.1,256,16,2.347955059937279,3488.9935245263314,1783226.2459522486,424572.76744186046,18256629.0,0.0019565624566406027,0.00821765735364575,0.00019110831054990114
Nvidia A100 GPU,1,vLLM,mistralai/Mistral-7B-v0.1,512,16,5.042441163835853,3249.2198654701747,3866287.974343538,434466.7888888889,39102011.0,0.0008403977890503265,0.007478638065247225,8.309597850274694e-05
Nvidia A100 GPU,1,vLLM,mistralai/Mistral-7B-v0.1,1024,16,11.292688895500032,2901.7004101704742,8999663.316132188,454527.0904522613,90450891.0,0.00032242321831852115,0.006383998822343545,3.208039609217862e-05
Nvidia A100 GPU,1,vLLM,mistralai/Mistral-7B-v0.1,1024,16,11.292688895500032,2901.7004101704742,9221595.159913182,465726.2864321608,92679531.0,0.0003146636086112668,0.006230484502817827,3.130896735084335e-05
Nvidia A100 GPU,1,vLLM,mistralai/Mistral-7B-v0.1,1024,32,21.967821723632127,2983.2725713309537,13150923.86529696,485315.3602941177,132005778.0,0.0002268488968446772,0.006147080466447607,2.2599560538410323e-05
Nvidia A100 GPU,1,vLLM,mistralai/Mistral-7B-v0.1,1024,64,31.23852637673553,4195.84452926096,20105068.937393785,519278.4613402062,201480043.0,0.00020869585388275056,0.008080143586991653,2.0825112337607354e-05
Habana Gaudi2,1,Deepspeed,meta-llama/Meta-Llama-3-8B,128,1,0.9629630289273337,265.8461356353049,,722791.0,,,0.0003678049887661923,
Habana Gaudi2,1,Deepspeed,meta-llama/Meta-Llama-3-8B,256,1,1.9637748380191624,260.722354766725,,719558.0,,,0.00036233681616593106,
Habana Gaudi2,1,Deepspeed,meta-llama/Meta-Llama-3-8B,512,1,3.9555186110083014,258.8788224002243,,719229.125,,,0.0003599392925032399,
Habana Gaudi2,1,Deepspeed,meta-llama/Meta-Llama-3-8B,1024,1,8.038420352968387,254.77642497803998,,721667.7878787878,,,0.00035303837757108336,
Habana Gaudi2,1,Deepspeed,meta-llama/Meta-Llama-3-8B,2048,1,16.561979961930774,247.3134256541205,,721831.7462686567,,,0.0003426192141486578,
Habana Gaudi2,1,Deepspeed,meta-llama/Meta-Llama-3-8B,128,16,1.18537922995165,3455.434258087237,,783949.6,,,0.004407725009474126,
Habana Gaudi2,1,Deepspeed,meta-llama/Meta-Llama-3-8B,256,16,2.4744820760097355,3310.5917716769795,,776852.1,,,0.004261547045669284,
Habana Gaudi2,1,Deepspeed,meta-llama/Meta-Llama-3-8B,512,16,5.369891759008169,3051.0857081086046,,765092.9090909091,,,0.0039878630057281995,
Habana Gaudi2,1,Deepspeed,meta-llama/Meta-Llama-3-8B,128,32,1.3999557059723884,5851.613708242261,,827941.0,,,0.007067669928463817,
Habana Gaudi2,1,Deepspeed,meta-llama/Meta-Llama-3-8B,256,32,2.995298421010375,5469.90573128715,,816770.8333333334,,,0.006696989544746415,
Habana Gaudi2,1,Deepspeed,meta-llama/Meta-Llama-3-8B,512,32,6.84419827000238,4787.704667122188,,798977.8928571428,,,0.005992286782806178,
Habana Gaudi2,2,Deepspeed,meta-llama/Meta-Llama-3-8B,128,1,0.8292026480194181,308.7303213653088,,769192.0,,,0.0004013696468051004,
Habana Gaudi2,2,Deepspeed,meta-llama/Meta-Llama-3-8B,256,1,1.6017080049496144,319.6587632813299,,766287.2857142857,,,0.0004171526387565778,
Habana Gaudi2,2,Deepspeed,meta-llama/Meta-Llama-3-8B,512,1,3.1843032700708136,321.57741055148557,,765397.3076923077,,,0.0004201444234512003,
Habana Gaudi2,2,Deepspeed,meta-llama/Meta-Llama-3-8B,1024,1,6.485355137032457,315.7884120031576,,775617.2307692308,,,0.0004071446577972093,
Habana Gaudi2,2,Deepspeed,meta-llama/Meta-Llama-3-8B,2048,1,13.249906062963419,309.13426710618546,,775317.3018867924,,,0.00039871968077312886,
Habana Gaudi2,2,Deepspeed,meta-llama/Meta-Llama-3-8B,128,16,1.0178410590160638,4024.203940013542,,791008.2,,,0.005087436438729134,
Habana Gaudi2,2,Deepspeed,meta-llama/Meta-Llama-3-8B,256,16,2.1182075979886577,3867.4207418473557,,845348.1111111111,,,0.004574944559542558,
Habana Gaudi2,2,Deepspeed,meta-llama/Meta-Llama-3-8B,512,16,4.412352034007199,3713.2123352180533,,814465.8888888889,,,0.0045590765505031695,
Habana Gaudi2,2,Deepspeed,meta-llama/Meta-Llama-3-8B,128,32,1.2788507619407028,6405.751354105103,,886219.3333333334,,,0.007228178299847256,
Habana Gaudi2,2,Deepspeed,meta-llama/Meta-Llama-3-8B,256,32,2.639596730004996,6207.0087501468415,,865159.1818181818,,,0.007174412386287638,
Habana Gaudi2,2,Deepspeed,meta-llama/Meta-Llama-3-8B,512,32,5.64603001892101,5803.724013189388,,859822.7391304348,,,0.006749907567063035,
Habana Gaudi2,4,Deepspeed,meta-llama/Meta-Llama-3-8B,128,1,0.6560886889928952,390.1911499083506,,858312.6666666666,,,0.0004546025767319648,
Habana Gaudi2,4,Deepspeed,meta-llama/Meta-Llama-3-8B,256,1,1.470096223987639,348.2765220709152,,807178.0,,,0.00043147424988158146,
Habana Gaudi2,4,Deepspeed,meta-llama/Meta-Llama-3-8B,512,1,2.4953476740047336,410.3636582058335,,846225.7,,,0.00048493405270701834,
Habana Gaudi2,4,Deepspeed,meta-llama/Meta-Llama-3-8B,1024,1,4.9757535989629105,411.5959440650079,,849476.45,,,0.0004845289637693993,
Habana Gaudi2,4,Deepspeed,meta-llama/Meta-Llama-3-8B,2048,1,10.992933786008507,372.6029902238902,,839779.3863636364,,,0.00044369151740829684,
Habana Gaudi2,4,Deepspeed,meta-llama/Meta-Llama-3-8B,128,16,0.8741269300226122,4685.818339785096,,980482.25,,,0.004779095531596922,
Habana Gaudi2,4,Deepspeed,meta-llama/Meta-Llama-3-8B,256,16,1.582171531044878,5177.693972656644,,967351.8571428572,,,0.0053524412388573205,
Habana Gaudi2,4,Deepspeed,meta-llama/Meta-Llama-3-8B,512,16,3.0996744360309094,5285.716399616305,,1003329.6923076923,,,0.005268174997850386,
Habana Gaudi2,4,Deepspeed,meta-llama/Meta-Llama-3-8B,128,32,0.9337614820105955,8773.118358192296,,1142203.5,,,0.007680871541885746,
Habana Gaudi2,4,Deepspeed,meta-llama/Meta-Llama-3-8B,256,32,1.7475704139797017,9375.301772641651,,1132569.0,,,0.008277907811922851,
Habana Gaudi2,4,Deepspeed,meta-llama/Meta-Llama-3-8B,512,32,3.6964662440586835,8864.682601300063,,1092920.9333333333,,,0.008111000833576673,
Habana Gaudi2,2,Deepspeed,meta-llama/Llama-2-70b-hf,128,1,4.72652934899088,54.16236335328296,,872234.2631578947,,,6.209611986255843e-05,
Habana Gaudi2,2,Deepspeed,meta-llama/Llama-2-70b-hf,256,1,9.49206402094569,53.939796325666755,,876699.5789473684,,,6.152597494164528e-05,
Habana Gaudi2,2,Deepspeed,meta-llama/Llama-2-70b-hf,512,1,19.10049272305332,53.61118243636114,,877168.0389610389,,,6.111848591731736e-05,
Habana Gaudi2,2,Deepspeed,meta-llama/Llama-2-70b-hf,1024,1,38.37948509899434,53.36184148165302,,875377.6363636364,,,6.095865288873594e-05,
Habana Gaudi2,2,Deepspeed,meta-llama/Llama-2-70b-hf,2048,1,77.700204149005,52.715434211023904,,874610.073954984,,,6.027307000094897e-05,
Habana Gaudi2,2,Deepspeed,meta-llama/Llama-2-70b-hf,128,16,6.076977986958809,674.0192261334521,,948208.48,,,0.0007108344212798562,
Habana Gaudi2,2,Deepspeed,meta-llama/Llama-2-70b-hf,256,16,12.226439376012422,670.0233606909496,,964956.0408163265,,,0.0006943563565073162,
Habana Gaudi2,2,Deepspeed,meta-llama/Llama-2-70b-hf,128,32,7.430395678034984,1102.498487962949,,1023463.8666666667,,,0.0010772226786605484,
Habana Gaudi2,4,Deepspeed,meta-llama/Llama-2-70b-hf,128,1,2.9294311760459095,87.38897916200371,,1112933.0833333333,,,7.852132394183661e-05,
Habana Gaudi2,4,Deepspeed,meta-llama/Llama-2-70b-hf,256,1,5.743822911055759,89.13923843551967,,1096319.5652173914,,,8.13077147061989e-05,
Habana Gaudi2,4,Deepspeed,meta-llama/Llama-2-70b-hf,512,1,11.644638299010694,87.93746733095153,,1114899.7234042552,,,7.88747772422453e-05,
Habana Gaudi2,4,Deepspeed,meta-llama/Llama-2-70b-hf,1024,1,23.248021884006448,88.09351652447162,,1110944.4193548388,,,7.929606107174144e-05,
Habana Gaudi2,4,Deepspeed,meta-llama/Llama-2-70b-hf,2048,1,47.23444664303679,86.71637525373285,,1107870.2433862435,,,7.827304304941097e-05,
Habana Gaudi2,4,Deepspeed,meta-llama/Llama-2-70b-hf,128,16,3.584723104024306,1142.6266077292612,,1266923.4,,,0.0009018908386483834,
Habana Gaudi2,4,Deepspeed,meta-llama/Llama-2-70b-hf,256,16,7.242951198015362,1131.0306774184378,,1260189.6896551724,,,0.0008975082772879402,
Habana Gaudi2,4,Deepspeed,meta-llama/Llama-2-70b-hf,128,32,4.221089423052035,1940.7312139046844,,1386565.1764705882,,,0.001399668221038617,
Habana Gaudi2,1,Deepspeed,meta-llama/Llama-2-7b-hf,128,1,0.8826740250224248,290.02779366198774,,712991.75,,,0.0004067758058378484,
Habana Gaudi2,1,Deepspeed,meta-llama/Llama-2-7b-hf,256,1,1.7797173340804875,287.6861343065645,,715334.375,,,0.00040217015197482225,
Habana Gaudi2,1,Deepspeed,meta-llama/Llama-2-7b-hf,512,1,3.63575951999519,281.64679054497935,,716494.9333333333,,,0.0003930897169567973,
Habana Gaudi2,1,Deepspeed,meta-llama/Llama-2-7b-hf,1024,1,7.535982892033644,271.76282501449936,,720038.9354838709,,,0.00037742795788101783,
Habana Gaudi2,1,Deepspeed,meta-llama/Llama-2-7b-hf,2048,1,16.231576433987357,252.34763959361155,,720903.8615384615,,,0.00035004340114794675,
Habana Gaudi2,1,Deepspeed,meta-llama/Llama-2-7b-hf,128,16,1.153703714022413,3550.3049441690773,,781229.4,,,0.00454451015818027,
Habana Gaudi2,1,Deepspeed,meta-llama/Llama-2-7b-hf,256,16,2.60107114398852,3149.471716270809,,769672.7272727273,,,0.00409196221286248,
Habana Gaudi2,1,Deepspeed,meta-llama/Llama-2-7b-hf,512,16,6.43996943696402,2544.1114527592963,,753673.5384615385,,,0.003375614669917362,
Habana Gaudi2,1,Deepspeed,meta-llama/Llama-2-7b-hf,1024,16,17.80002952099312,1840.8958233105093,,745071.6805555555,,,0.0024707633793541357,
Habana Gaudi2,1,Deepspeed,meta-llama/Llama-2-7b-hf,2048,16,55.84122112300247,1173.613303613878,,732009.4107142857,,,0.0016032762508731695,
Habana Gaudi2,1,Deepspeed,meta-llama/Llama-2-7b-hf,128,32,1.4650303609669209,5591.692990303133,,819693.3333333334,,,0.006821688993814515,
Habana Gaudi2,1,Deepspeed,meta-llama/Llama-2-7b-hf,256,32,3.5500679300166667,4615.122956231173,,783584.9333333333,,,0.005889754588055512,
Habana Gaudi2,1,Deepspeed,meta-llama/Llama-2-7b-hf,512,32,9.59483114501927,3415.1721384914676,,768485.5128205129,,,0.004444029303762703,
Habana Gaudi2,1,Deepspeed,meta-llama/Llama-2-7b-hf,128,64,2.0849592369049788,7858.18720577063,,840949.6666666666,,,0.009344420382397793,
Habana Gaudi2,1,Deepspeed,meta-llama/Llama-2-7b-hf,256,64,5.391198077937588,6078.055290547858,,819379.2727272727,,,0.0074178777677854635,
Habana Gaudi2,1,Deepspeed,meta-llama/Llama-2-7b-hf,512,64,15.788104373030365,4150.973318364315,,774551.375,,,0.005359196887829829,
Habana Gaudi2,2,Deepspeed,meta-llama/Llama-2-7b-hf,128,1,0.7589291810290888,337.3173761125781,,750585.25,,,0.00044940581514568543,
Habana Gaudi2,2,Deepspeed,meta-llama/Llama-2-7b-hf,256,1,1.5044495119946077,340.323816730272,,746324.0,,,0.00045600009745133744,
Habana Gaudi2,2,Deepspeed,meta-llama/Llama-2-7b-hf,512,1,3.042885964969173,336.52263403514496,,755419.0769230769,,,0.0004454780721263312,
Habana Gaudi2,2,Deepspeed,meta-llama/Llama-2-7b-hf,1024,1,6.232973088975996,328.57513914542864,,768828.24,,,0.0004273713191719241,
Habana Gaudi2,2,Deepspeed,meta-llama/Llama-2-7b-hf,2048,1,12.972860281006433,315.73607602919725,,774274.8076923077,,,0.0004077829639972852,
Habana Gaudi2,2,Deepspeed,meta-llama/Llama-2-7b-hf,128,16,0.9961633048951626,4111.775629429622,,843293.0,,,0.004875856469138985,
Habana Gaudi2,2,Deepspeed,meta-llama/Llama-2-7b-hf,256,16,2.1074127519968897,3887.23091489203,,841713.1111111111,,,0.004618237334762024,
Habana Gaudi2,2,Deepspeed,meta-llama/Llama-2-7b-hf,512,16,4.7982541309902444,3414.575291913256,,828178.75,,,0.004122993124266055,
Habana Gaudi2,2,Deepspeed,meta-llama/Llama-2-7b-hf,1024,16,12.10937615390867,2706.0023227887864,,846035.081632653,,,0.00319845167361952,
Habana Gaudi2,2,Deepspeed,meta-llama/Llama-2-7b-hf,2048,16,34.224012095015496,1914.9128342420406,,860803.4817518248,,,0.0022245644619663866,
Habana Gaudi2,2,Deepspeed,meta-llama/Llama-2-7b-hf,128,32,1.231921875034459,6649.7723321707035,,902574.8,,,0.0073675581593577654,
Habana Gaudi2,2,Deepspeed,meta-llama/Llama-2-7b-hf,256,32,2.745808696025051,5966.912415900704,,885301.5454545454,,,0.00673997740830451,
Habana Gaudi2,2,Deepspeed,meta-llama/Llama-2-7b-hf,512,32,6.784651210997254,4829.725063373381,,871316.75,,,0.005543018728118541,
Habana Gaudi2,2,Deepspeed,meta-llama/Llama-2-7b-hf,128,64,1.7499893970089033,9362.342439333444,,922625.5714285715,,,0.010147499407410762,
Habana Gaudi2,2,Deepspeed,meta-llama/Llama-2-7b-hf,256,64,4.150557441986166,7894.843152518697,,880810.5294117647,,,0.008963157102346565,
Habana Gaudi2,2,Deepspeed,meta-llama/Llama-2-7b-hf,512,64,10.734573566005565,6105.133063463326,,899601.7209302326,,,0.006786484420183542,
Habana Gaudi2,4,Deepspeed,meta-llama/Llama-2-7b-hf,128,1,0.7293244479224086,351.00976078514145,,788905.3333333334,,,0.0004449326756380674,
Habana Gaudi2,4,Deepspeed,meta-llama/Llama-2-7b-hf,256,1,1.3691449429607019,373.9560246213434,,788103.5,,,0.0004745011595829017,
Habana Gaudi2,4,Deepspeed,meta-llama/Llama-2-7b-hf,512,1,2.496061712037772,410.2462671742245,,817140.7,,,0.0005020509530050633,
Habana Gaudi2,4,Deepspeed,meta-llama/Llama-2-7b-hf,1024,1,4.6446847640909255,440.9341223399134,,855747.2105263158,,,0.0005152621205375858,
Habana Gaudi2,4,Deepspeed,meta-llama/Llama-2-7b-hf,2048,1,10.294123957981355,397.8968989220538,,851624.7619047619,,,0.0004672209131544147,
Habana Gaudi2,4,Deepspeed,meta-llama/Llama-2-7b-hf,128,16,0.7454240389633924,5494.859014334998,,857583.6666666666,,,0.006407373680159874,
Habana Gaudi2,4,Deepspeed,meta-llama/Llama-2-7b-hf,256,16,1.5286634810036048,5358.929615183684,,985542.4285714285,,,0.005437543285631653,
Habana Gaudi2,4,Deepspeed,meta-llama/Llama-2-7b-hf,512,16,3.225616784999147,5079.338648098067,,1025763.2307692308,,,0.004951765179074529,
Habana Gaudi2,4,Deepspeed,meta-llama/Llama-2-7b-hf,1024,16,7.4686914150370285,4387.381695008421,,1063004.3333333333,,,0.004127341307490833,
Habana Gaudi2,4,Deepspeed,meta-llama/Llama-2-7b-hf,2048,16,19.993031754042022,3277.9420753308455,,1122971.65,,,0.002918989161775229,
Habana Gaudi2,4,Deepspeed,meta-llama/Llama-2-7b-hf,128,32,0.8568395540351048,9560.716427505602,,1102442.75,,,0.008672301965345231,
Habana Gaudi2,4,Deepspeed,meta-llama/Llama-2-7b-hf,256,32,1.8955932559911162,8643.204415407978,,1001606.375,,,0.00862934245542115,
Habana Gaudi2,4,Deepspeed,meta-llama/Llama-2-7b-hf,512,32,4.2093170679872856,7784.63571898808,,1104218.8823529412,,,0.007049902735225894,
Habana Gaudi2,4,Deepspeed,meta-llama/Llama-2-7b-hf,128,64,1.1425524909282103,14339.82257278143,,1256134.6,,,0.011415832803890148,
Habana Gaudi2,4,Deepspeed,meta-llama/Llama-2-7b-hf,256,64,2.487406021100469,13173.563029932244,,1219843.1,,,0.010799391356095093,
Habana Gaudi2,4,Deepspeed,meta-llama/Llama-2-7b-hf,512,64,6.2081263000145555,10556.486262182898,,1197650.96,,,0.00881432622254392,
Habana Gaudi2,2,Deepspeed,Qwen/Qwen2-72B,128,1,4.946936655091122,51.74919709888311,,872831.5,,,5.928887431180372e-05,
Habana Gaudi2,2,Deepspeed,Qwen/Qwen2-72B,256,1,10.971427184995264,46.66667256382297,,846082.2954545454,,,5.515618612342193e-05,
Habana Gaudi2,2,Deepspeed,Qwen/Qwen2-72B,512,1,20.159679069998674,50.79445939811121,,879165.6172839506,,,5.777575737667383e-05,
Habana Gaudi2,2,Deepspeed,Qwen/Qwen2-72B,1024,1,40.459191325935535,50.61890593663872,,879144.8518518518,,,5.7577435424906195e-05,
Habana Gaudi2,2,Deepspeed,Qwen/Qwen2-72B,2048,1,83.13042395701632,49.27197294359873,,873196.7627627627,,,5.6427113618360204e-05,
Habana Gaudi2,4,Deepspeed,Qwen/Qwen2-72B,128,1,3.992128569050692,64.12619122156066,,1003829.0,,,6.38815886187395e-05,
Habana Gaudi2,4,Deepspeed,Qwen/Qwen2-72B,256,1,6.942778810975142,73.7456879932039,,1112783.75,,,6.627135595141815e-05,
Habana Gaudi2,4,Deepspeed,Qwen/Qwen2-72B,512,1,14.196416276041418,72.13088008190867,,1094420.403508772,,,6.590783564583876e-05,
Habana Gaudi2,4,Deepspeed,Qwen/Qwen2-72B,1024,1,27.464893548050895,74.56792054980824,,1118573.9090909092,,,6.666338267304242e-05,
Habana Gaudi2,4,Deepspeed,Qwen/Qwen2-72B,2048,1,56.03159054799471,73.10161928192113,,1114572.1339285714,,,6.558715856663067e-05,
Habana Gaudi2,1,Deepspeed,Qwen/Qwen2-7B,128,1,0.935657090973109,273.60451010289785,,719602.75,,,0.00038021604295272336,
Habana Gaudi2,1,Deepspeed,Qwen/Qwen2-7B,256,1,1.8722829619655386,273.4629382422506,,713945.25,,,0.00038303068511521095,
Habana Gaudi2,1,Deepspeed,Qwen/Qwen2-7B,512,1,3.764138070982881,272.04103055991675,,713931.375,,,0.00038104647041169295,
Habana Gaudi2,1,Deepspeed,Qwen/Qwen2-7B,1024,1,7.6172575410455465,268.8631687932782,,719280.0322580645,,,0.00037379484586722825,
Habana Gaudi2,1,Deepspeed,Qwen/Qwen2-7B,2048,1,15.941650470951572,256.93700959405777,,711946.09375,,,0.0003608939101564637,
Habana Gaudi2,1,Deepspeed,Qwen/Qwen2-7B,128,16,1.1195632698945701,3658.5694709203194,,781580.6,,,0.004680988078414842,
Habana Gaudi2,1,Deepspeed,Qwen/Qwen2-7B,256,16,2.3066354079637676,3551.4932146262618,,769431.7,,,0.0046157355027434685,
Habana Gaudi2,1,Deepspeed,Qwen/Qwen2-7B,512,16,4.882039904012345,3355.974207940143,,762271.15,,,0.004402599006849653,
Habana Gaudi2,1,Deepspeed,Qwen/Qwen2-7B,1024,16,10.856171514024027,3018.3753045601966,,760076.25,,,0.003971148032266759,
Habana Gaudi2,1,Deepspeed,Qwen/Qwen2-7B,2048,16,30.870259941904806,2122.949405781913,,719426.0,,,0.0029508933591250704,
Habana Gaudi2,1,Deepspeed,Qwen/Qwen2-7B,128,32,1.31950674590189,6208.380537229253,,826892.8333333334,,,0.007508083619738615,
Habana Gaudi2,1,Deepspeed,Qwen/Qwen2-7B,256,32,2.7502385660773143,5957.30137817412,,805754.3636363636,,,0.007393446001693198,
Habana Gaudi2,1,Deepspeed,Qwen/Qwen2-7B,512,32,6.0452309410320595,5420.47116473035,,788007.76,,,0.006878702774107644,
Habana Gaudi2,1,Deepspeed,Qwen/Qwen2-7B,128,64,1.7064894249197096,9600.99708837684,,866024.2857142857,,,0.011086290819729219,
Habana Gaudi2,1,Deepspeed,Qwen/Qwen2-7B,256,64,3.633012513979338,9019.512009362255,,856833.9333333333,,,0.010526557899351311,
Habana Gaudi2,1,Deepspeed,Qwen/Qwen2-7B,512,64,8.256656754994765,7937.3530891125865,,831438.7647058824,,,0.009546527568894852,
Habana Gaudi2,2,Deepspeed,Qwen/Qwen2-7B,128,1,0.8322443639626727,307.60196293919506,,780325.0,,,0.0003941972420968123,
Habana Gaudi2,2,Deepspeed,Qwen/Qwen2-7B,256,1,1.80854196799919,283.10097805827047,,715073.0,,,0.0003959050027875063,
Habana Gaudi2,2,Deepspeed,Qwen/Qwen2-7B,512,1,3.1732723449822515,322.6952775166631,,773339.6153846154,,,0.00041727498643163747,
Habana Gaudi2,2,Deepspeed,Qwen/Qwen2-7B,1024,1,6.164631573017687,332.2177450091265,,776499.68,,,0.00042784015700962874,
Habana Gaudi2,2,Deepspeed,Qwen/Qwen2-7B,2048,1,12.69564939092379,322.6302077094425,,777300.7647058824,,,0.0004150648273599993,
Habana Gaudi2,2,Deepspeed,Qwen/Qwen2-7B,128,16,0.9322605920024216,4393.621306250989,,890838.5,,,0.004932006537942611,
Habana Gaudi2,2,Deepspeed,Qwen/Qwen2-7B,256,16,1.9626028869533911,4174.048685272594,,867352.25,,,0.0048124031329515714,
Habana Gaudi2,2,Deepspeed,Qwen/Qwen2-7B,512,16,3.936709586996585,4161.85132226118,,838447.75,,,0.004963757517700036,
Habana Gaudi2,2,Deepspeed,Qwen/Qwen2-7B,1024,16,8.467233153060079,3869.977288644469,,849401.0588235294,,,0.004556124869922597,
Habana Gaudi2,2,Deepspeed,Qwen/Qwen2-7B,2048,16,21.39569393603597,3063.0462464047573,,824204.8488372093,,,0.0037163652345968507,
Habana Gaudi2,2,Deepspeed,Qwen/Qwen2-7B,128,32,1.1402317910687998,7184.504119395938,,909730.2,,,0.007897400921059824,
Habana Gaudi2,2,Deepspeed,Qwen/Qwen2-7B,256,32,2.3078455210197717,7099.261995993724,,904022.8,,,0.007852967863192967,
Habana Gaudi2,2,Deepspeed,Qwen/Qwen2-7B,512,32,4.827880491036922,6787.243400252884,,884402.9,,,0.007674379403609921,
Habana Gaudi2,2,Deepspeed,Qwen/Qwen2-7B,128,64,1.460713548003696,11216.435982531562,,1033726.3333333334,,,0.01085048878107155,
Habana Gaudi2,2,Deepspeed,Qwen/Qwen2-7B,256,64,3.0652575180865824,10690.12955898553,,953102.2307692308,,,0.011216141578388428,
Habana Gaudi2,2,Deepspeed,Qwen/Qwen2-7B,512,64,6.523996638017707,10045.376114711316,,960252.1111111111,,,0.010461186180666425,
Habana Gaudi2,4,Deepspeed,Qwen/Qwen2-7B,128,1,0.8888375039678067,288.01664967691573,,724312.0,,,0.00039764169263648225,
Habana Gaudi2,4,Deepspeed,Qwen/Qwen2-7B,256,1,1.4053965240018442,364.3099945502129,,850265.8333333334,,,0.0004284659929495143,
Habana Gaudi2,4,Deepspeed,Qwen/Qwen2-7B,512,1,2.4543499550782144,417.21841576881707,,899820.1,,,0.0004636686997421119,
Habana Gaudi2,4,Deepspeed,Qwen/Qwen2-7B,1024,1,4.972908103023656,411.8314590922691,,880006.1,,,0.0004679870504218881,
Habana Gaudi2,4,Deepspeed,Qwen/Qwen2-7B,2048,1,9.928464299999177,412.5512139878812,,890481.65,,,0.0004632899667139477,
Habana Gaudi2,4,Deepspeed,Qwen/Qwen2-7B,128,16,0.7283024189528078,5624.037341369054,,955202.6666666666,,,0.005887794849856353,
Habana Gaudi2,4,Deepspeed,Qwen/Qwen2-7B,256,16,1.4864211858948693,5511.223923432021,,1092544.5,,,0.005044393087358933,
Habana Gaudi2,4,Deepspeed,Qwen/Qwen2-7B,512,16,2.992849483038299,5474.3815527158395,,1027496.6666666666,,,0.0053278825424080915,
Habana Gaudi2,4,Deepspeed,Qwen/Qwen2-7B,1024,16,6.237394630094059,5253.4755203561435,,1024717.24,,,0.005126756255565822,
Habana Gaudi2,4,Deepspeed,Qwen/Qwen2-7B,2048,16,14.427138117956929,4542.550259391344,,1013839.8448275862,,,0.0044805402772109945,
Habana Gaudi2,4,Deepspeed,Qwen/Qwen2-7B,128,32,1.1361963480012491,7210.0214143541625,,945536.4,,,0.0076253240111688585,
Habana Gaudi2,4,Deepspeed,Qwen/Qwen2-7B,256,32,1.6740051589440554,9787.30556023785,,1188420.4285714286,,,0.008235558161856013,
Habana Gaudi2,4,Deepspeed,Qwen/Qwen2-7B,512,32,3.399353038985282,9639.481284880418,,1124483.2142857143,,,0.008572365654211687,
Habana Gaudi2,4,Deepspeed,Qwen/Qwen2-7B,128,64,1.2289725500158966,13331.46130870708,,1052501.2,,,0.01266645711064945,
Habana Gaudi2,4,Deepspeed,Qwen/Qwen2-7B,256,64,2.2253023870289326,14725.189794879756,,1266601.0,,,0.011625752541549988,
Habana Gaudi2,4,Deepspeed,Qwen/Qwen2-7B,512,64,4.4926751049933955,14587.300098144164,,1236464.1666666667,,,0.011797592272705703,
Habana Gaudi2,1,Deepspeed,mistralai/Mistral-7B-v0.1,128,1,0.925874526030384,276.4953487786087,,712975.25,,,0.0003878049746868614,
Habana Gaudi2,1,Deepspeed,mistralai/Mistral-7B-v0.1,256,1,1.8875635479344055,271.24914578917924,,713458.125,,,0.00038018930093364515,
Habana Gaudi2,1,Deepspeed,mistralai/Mistral-7B-v0.1,512,1,3.8012982979416847,269.3816479897072,,713937.0,,,0.00037731851408416594,
Habana Gaudi2,1,Deepspeed,mistralai/Mistral-7B-v0.1,1024,1,7.7214446710422635,265.2353396613221,,713863.8064516129,,,0.0003715489386970346,
Habana Gaudi2,1,Deepspeed,mistralai/Mistral-7B-v0.1,2048,1,15.947625146945938,256.8407497830113,,716232.21875,,,0.0003585998270662287,
Habana Gaudi2,1,Deepspeed,mistralai/Mistral-7B-v0.1,128,16,1.1392229530028999,3595.4331759233555,,778743.4,,,0.004616967766177351,
Habana Gaudi2,1,Deepspeed,mistralai/Mistral-7B-v0.1,256,16,2.380855828989297,3440.7795298876226,,770789.6,,,0.004463967248504161,
Habana Gaudi2,1,Deepspeed,mistralai/Mistral-7B-v0.1,512,16,5.1822265919763595,3161.5753786928854,,763921.0952380953,,,0.004138615098340098,
Habana Gaudi2,1,Deepspeed,mistralai/Mistral-7B-v0.1,128,32,1.3450787180336192,6090.349873333768,,821765.5,,,0.007411299054698412,
Habana Gaudi2,1,Deepspeed,mistralai/Mistral-7B-v0.1,256,32,2.8852321750018746,5678.572470511616,,794495.1666666666,,,0.007147397125568773,
Habana Gaudi2,1,Deepspeed,mistralai/Mistral-7B-v0.1,128,64,1.7828293509082869,9189.8868456776,,852743.75,,,0.010776844562833324,
Habana Gaudi2,1,Deepspeed,mistralai/Mistral-7B-v0.1,256,64,3.929808452958241,8338.319893259235,,845138.5625,,,0.009866216338056679,
Habana Gaudi2,2,Deepspeed,mistralai/Mistral-7B-v0.1,128,1,1.1498785990988836,222.63219804300866,,668349.4,,,0.00033310750042269603,
Habana Gaudi2,2,Deepspeed,mistralai/Mistral-7B-v0.1,256,1,1.7257729140110314,296.6786625535874,,727151.8571428572,,,0.0004080009693151365,
Habana Gaudi2,2,Deepspeed,mistralai/Mistral-7B-v0.1,512,1,3.163349720998667,323.7074905763894,,758115.3846153846,,,0.00042698973948486246,
Habana Gaudi2,2,Deepspeed,mistralai/Mistral-7B-v0.1,1024,1,6.572617567027919,311.5957956041687,,751602.8888888889,,,0.00041457503717795395,
Habana Gaudi2,2,Deepspeed,mistralai/Mistral-7B-v0.1,2048,1,13.158009880105965,311.2932759073908,,759971.9245283019,,,0.0004096115472957817,
Habana Gaudi2,2,Deepspeed,mistralai/Mistral-7B-v0.1,128,16,1.1595715350704268,3532.339209888615,,815249.8,,,0.004332830513897231,
Habana Gaudi2,2,Deepspeed,mistralai/Mistral-7B-v0.1,256,16,2.1843630739022046,3750.2922924647282,,781311.7777777778,,,0.004799994572117399,
Habana Gaudi2,2,Deepspeed,mistralai/Mistral-7B-v0.1,512,16,4.248475808999501,3856.441871528125,,827500.1764705882,,,0.004660351720982617,
Habana Gaudi2,2,Deepspeed,mistralai/Mistral-7B-v0.1,128,32,1.2428092900663614,6591.518156066067,,891322.8,,,0.007395208734777194,
Habana Gaudi2,2,Deepspeed,mistralai/Mistral-7B-v0.1,256,32,2.4297555409139022,6743.065186647335,,892176.4,,,0.00755799546664464,
Habana Gaudi2,2,Deepspeed,mistralai/Mistral-7B-v0.1,128,64,1.5839733459288254,10343.608396006559,,942745.8571428572,,,0.01097178875689205,
Habana Gaudi2,4,Deepspeed,mistralai/Mistral-7B-v0.1,128,1,0.7424761439906433,344.79222271581307,,790140.3333333334,,,0.0004363683363197673,
Habana Gaudi2,4,Deepspeed,mistralai/Mistral-7B-v0.1,256,1,1.4419547889847308,355.07354593308384,,808216.5,,,0.000439329741391179,
Habana Gaudi2,4,Deepspeed,mistralai/Mistral-7B-v0.1,512,1,3.4416937980568036,297.52792086796194,,751751.7142857143,,,0.0003957795043416184,
Habana Gaudi2,4,Deepspeed,mistralai/Mistral-7B-v0.1,1024,1,6.242172061000019,328.0909241184715,,780548.08,,,0.00042033403518008976,
Habana Gaudi2,4,Deepspeed,mistralai/Mistral-7B-v0.1,2048,1,12.720352963078767,322.00364344360344,,800450.1568627451,,,0.0004022781939423345,
Habana Gaudi2,4,Deepspeed,mistralai/Mistral-7B-v0.1,128,16,0.9795707979938015,4181.423137958752,,922526.0,,,0.004532580261107819,
Habana Gaudi2,4,Deepspeed,mistralai/Mistral-7B-v0.1,256,16,1.6795918949646875,4877.375286555685,,948489.4285714285,,,0.005142255822399376,
Habana Gaudi2,4,Deepspeed,mistralai/Mistral-7B-v0.1,512,16,3.39676511392463,4823.412703114432,,955545.7857142857,,,0.005047809090078142,
Habana Gaudi2,4,Deepspeed,mistralai/Mistral-7B-v0.1,128,32,1.2275827990379184,6673.27695241432,,743469.8,,,0.008975854772331465,
Habana Gaudi2,4,Deepspeed,mistralai/Mistral-7B-v0.1,256,32,1.7329544660169631,9454.374203874566,,1121840.5714285714,,,0.008427555968879964,
Habana Gaudi2,4,Deepspeed,mistralai/Mistral-7B-v0.1,128,64,1.226612539961934,13357.111122073195,,1038932.8,,,0.012856568896538058,
Habana Gaudi2,4,Deepspeed,mistralai/Mistral-7B-v0.1,256,64,2.4651069910032675,13292.729329636048,,1032297.9,,,0.012876834612989184,
Habana Gaudi2,2,Deepspeed,meta-llama/Meta-Llama-3-70B,128,1,4.741651928052306,53.98962300152539,,873960.1052631579,,,6.177584385876354e-05,
Habana Gaudi2,2,Deepspeed,meta-llama/Meta-Llama-3-70B,256,1,9.672908395994455,52.93133967980291,,879766.717948718,,,6.016519902368971e-05,
Habana Gaudi2,2,Deepspeed,meta-llama/Meta-Llama-3-70B,512,1,19.244553504046053,53.209860118849214,,879518.2597402597,,,6.0498869158854314e-05,
Habana Gaudi2,2,Deepspeed,meta-llama/Meta-Llama-3-70B,1024,1,38.99493939592503,52.51963541233291,,871169.5448717949,,,6.0286353811945906e-05,
Habana Gaudi2,2,Deepspeed,meta-llama/Meta-Llama-3-70B,2048,1,78.3808371659834,52.25767098310132,,878988.2006369426,,,5.945207335574443e-05,
Habana Gaudi2,2,Deepspeed,meta-llama/Meta-Llama-3-70B,128,16,6.238152428995818,656.6046672667392,,960566.6,,,0.0006835597524073179,
Habana Gaudi2,4,Deepspeed,meta-llama/Meta-Llama-3-70B,128,1,2.993666238966398,85.5138748160474,,1127671.5,,,7.583225683725039e-05,
Habana Gaudi2,4,Deepspeed,meta-llama/Meta-Llama-3-70B,256,1,5.928964113001712,86.35572593148738,,1082387.6666666667,,,7.978262187468326e-05,
Habana Gaudi2,4,Deepspeed,meta-llama/Meta-Llama-3-70B,512,1,11.6687204670161,87.75598000607988,,1116472.6170212766,,,7.860110375139413e-05,
Habana Gaudi2,4,Deepspeed,meta-llama/Meta-Llama-3-70B,1024,1,23.454991101054475,87.31617041235745,,1112902.0,,,7.84580946142225e-05,
Habana Gaudi2,4,Deepspeed,meta-llama/Meta-Llama-3-70B,2048,1,47.71622486994602,85.84082272149443,,1108584.2513089005,,,7.743283617834418e-05,
Habana Gaudi2,4,Deepspeed,meta-llama/Meta-Llama-3-70B,128,16,3.6786448979983106,1113.4534899600633,,1262281.9333333333,,,0.0008820957193134692,